{"cameraMode":{"drawMode":0,"name":"Shaded","section":"Shading Mode"},"sceneLighting":false,"audioPlay":false,"sceneViewState":{"showFog":true,"showMaterialUpdate":false,"showSkybox":false,"showFlares":true,"showImageEffects":true,"showParticleSystems":true},"in2DMode":false,"pivot":{"x":-2.386113405227661,"y":4.011932373046875,"z":-0.15276557207107545},"rotation":{"x":0.29401883482933047,"y":0.020928343757987024,"z":-0.006439219228923321,"w":0.9555573463439941},"size":4.9245405197143559,"orthographic":false}