{"cameraMode":{"drawMode":0,"name":"Shaded","section":"Shading Mode"},"sceneLighting":false,"audioPlay":false,"sceneViewState":{"showFog":true,"showMaterialUpdate":false,"showSkybox":false,"showFlares":true,"showImageEffects":true,"showParticleSystems":true},"in2DMode":false,"pivot":{"x":-0.06462695449590683,"y":0.6738078594207764,"z":2.6965525150299074},"rotation":{"x":0.3423897325992584,"y":-0.01409243792295456,"z":0.005136467050760984,"w":0.9394384622573853},"size":2.70739483833313,"orthographic":false}