{"cameraMode":{"drawMode":0,"name":"Shaded","section":"Shading Mode"},"sceneLighting":false,"audioPlay":false,"sceneViewState":{"showFog":true,"showMaterialUpdate":false,"showSkybox":false,"showFlares":true,"showImageEffects":true,"showParticleSystems":true},"in2DMode":false,"pivot":{"x":0.0009250640869140625,"y":3.7674412727355959,"z":-0.0026624202728271486},"rotation":{"x":0.29401883482933047,"y":0.020928343757987024,"z":-0.006439219228923321,"w":0.9555573463439941},"size":4.2431817054748539,"orthographic":false}