{"cameraMode":{"drawMode":0,"name":"Shaded","section":"Shading Mode"},"sceneLighting":false,"audioPlay":false,"sceneViewState":{"showFog":true,"showMaterialUpdate":false,"showSkybox":false,"showFlares":true,"showImageEffects":true,"showParticleSystems":true},"in2DMode":false,"pivot":{"x":0.06999993324279785,"y":0.9233694076538086,"z":-4.984401226043701},"rotation":{"x":0.29206013679504397,"y":0.011476491577923298,"z":-0.003505964297801256,"w":0.9563344120979309},"size":0.6571243405342102,"orthographic":false}