{"cameraMode":{"drawMode":0,"name":"Shaded","section":"Shading Mode"},"sceneLighting":true,"audioPlay":false,"sceneViewState":{"showFog":true,"showMaterialUpdate":false,"showSkybox":true,"showFlares":true,"showImageEffects":true,"showParticleSystems":true},"in2DMode":false,"pivot":{"x":-5.30686616897583,"y":-40.49245071411133,"z":17.794864654541017},"rotation":{"x":0.5307642221450806,"y":0.0012708365684375167,"z":-0.0007982721435837448,"w":0.8475252985954285},"size":41.32495880126953,"orthographic":false}