{"cameraMode":{"drawMode":0,"name":"Shaded","section":"Shading Mode"},"sceneLighting":false,"audioPlay":false,"sceneViewState":{"showFog":true,"showMaterialUpdate":false,"showSkybox":false,"showFlares":true,"showImageEffects":true,"showParticleSystems":true},"in2DMode":false,"pivot":{"x":-9.183399200439454,"y":2.009855270385742,"z":0.3393115997314453},"rotation":{"x":0.02894595079123974,"y":0.9654892086982727,"z":-0.22799767553806306,"w":0.12258967757225037},"size":7.630314350128174,"orthographic":false}