{"cameraMode":{"drawMode":0,"name":"Shaded","section":"Shading Mode"},"sceneLighting":false,"audioPlay":false,"sceneViewState":{"showFog":true,"showMaterialUpdate":false,"showSkybox":false,"showFlares":true,"showImageEffects":true,"showParticleSystems":true},"in2DMode":false,"pivot":{"x":4.602809906005859,"y":-0.7039089202880859,"z":0.1862478256225586},"rotation":{"x":0.22189021110534669,"y":0.5122538805007935,"z":-0.13896435499191285,"w":0.8179654479026794},"size":9.4851655960083,"orthographic":false}