{"cameraMode":{"drawMode":0,"name":"Shaded","section":"Shading Mode"},"sceneLighting":false,"audioPlay":false,"sceneViewState":{"showFog":true,"showMaterialUpdate":false,"showSkybox":false,"showFlares":true,"showImageEffects":true,"showParticleSystems":true},"in2DMode":false,"pivot":{"x":11.822468757629395,"y":-4.845935344696045,"z":0.33417367935180666},"rotation":{"x":0.2795518636703491,"y":0.5569712519645691,"z":-0.20641189813613892,"w":0.7543517351150513},"size":9.182219505310059,"orthographic":false}