{"cameraMode":{"drawMode":0,"name":"Shaded","section":"Shading Mode"},"sceneLighting":false,"audioPlay":false,"sceneViewState":{"showFog":true,"showMaterialUpdate":false,"showSkybox":false,"showFlares":true,"showImageEffects":true,"showParticleSystems":true},"in2DMode":false,"pivot":{"x":0.5786508321762085,"y":3.3672401905059816,"z":2.0836024284362795},"rotation":{"x":-0.002999573480337858,"y":0.007499925326555967,"z":0.00002253583079436794,"w":0.9999698400497437},"size":2.25048828125,"orthographic":false}