{"cameraMode":{"drawMode":0,"name":"Shaded","section":"Shading Mode"},"sceneLighting":false,"audioPlay":false,"sceneViewState":{"showFog":true,"showMaterialUpdate":false,"showSkybox":false,"showFlares":true,"showImageEffects":true,"showParticleSystems":true},"in2DMode":false,"pivot":{"x":-0.5417314767837524,"y":3.9235587120056154,"z":4.330713272094727},"rotation":{"x":-0.006454860791563988,"y":-0.979769766330719,"z":0.19748616218566895,"w":-0.03205306828022003},"size":8.39225959777832,"orthographic":false}