{"cameraMode":{"drawMode":0,"name":"Shaded","section":"Shading Mode"},"sceneLighting":false,"audioPlay":false,"sceneViewState":{"showFog":true,"showMaterialUpdate":false,"showSkybox":false,"showFlares":true,"showImageEffects":true,"showParticleSystems":true},"in2DMode":false,"pivot":{"x":7.095682144165039,"y":3.2181410789489748,"z":0.2882046699523926},"rotation":{"x":0.11164519190788269,"y":0.7157257199287415,"z":-0.11763444542884827,"w":0.6793031096458435},"size":9.404533386230469,"orthographic":false}