{"cameraMode":{"drawMode":0,"name":"Shaded","section":"Shading Mode"},"sceneLighting":false,"audioPlay":false,"sceneViewState":{"showFog":true,"showMaterialUpdate":false,"showSkybox":false,"showFlares":true,"showImageEffects":true,"showParticleSystems":true},"in2DMode":false,"pivot":{"x":12.26712417602539,"y":3.0909371376037599,"z":-4.345006942749023},"rotation":{"x":-0.07923277467489243,"y":-0.8913183808326721,"z":0.17132696509361268,"w":-0.4122380018234253},"size":18.579864501953126,"orthographic":false}