{"cameraMode":{"drawMode":0,"name":"Shaded","section":"Shading Mode"},"sceneLighting":false,"audioPlay":false,"sceneViewState":{"showFog":true,"showMaterialUpdate":false,"showSkybox":false,"showFlares":true,"showImageEffects":true,"showParticleSystems":true},"in2DMode":false,"pivot":{"x":3.9443650245666506,"y":5.96044921875,"z":-2.5154640674591066},"rotation":{"x":0.22189021110534669,"y":0.5122538805007935,"z":-0.13896435499191285,"w":0.8179654479026794},"size":9.77224063873291,"orthographic":false}