{"cameraMode":{"drawMode":0,"name":"Shaded","section":"Shading Mode"},"sceneLighting":false,"audioPlay":false,"sceneViewState":{"showFog":true,"showMaterialUpdate":false,"showSkybox":false,"showFlares":true,"showImageEffects":true,"showParticleSystems":true},"in2DMode":false,"pivot":{"x":9.000863075256348,"y":5.7888569831848148,"z":-0.16567230224609376},"rotation":{"x":0.11164519190788269,"y":0.7157257199287415,"z":-0.11763444542884827,"w":0.6793031096458435},"size":13.719504356384278,"orthographic":false}