{"cameraMode":{"drawMode":0,"name":"Shaded","section":"Shading Mode"},"sceneLighting":false,"audioPlay":false,"sceneViewState":{"showFog":true,"showMaterialUpdate":false,"showSkybox":false,"showFlares":true,"showImageEffects":true,"showParticleSystems":true},"in2DMode":false,"pivot":{"x":17.16504669189453,"y":3.236713409423828,"z":-19.076961517333986},"rotation":{"x":0.16274312138557435,"y":-0.7927827835083008,"z":0.24080976843833924,"w":0.5357598066329956},"size":23.327571868896486,"orthographic":false}