{"cameraMode":{"drawMode":0,"name":"Shaded","section":"Shading Mode"},"sceneLighting":false,"audioPlay":false,"sceneViewState":{"showFog":true,"showMaterialUpdate":false,"showSkybox":false,"showFlares":true,"showImageEffects":true,"showParticleSystems":true},"in2DMode":false,"pivot":{"x":6.934173583984375,"y":6.172606468200684,"z":-4.382338523864746},"rotation":{"x":0.11164519190788269,"y":0.7157257199287415,"z":-0.11763444542884827,"w":0.6793031096458435},"size":13.532793045043946,"orthographic":false}