{"cameraMode":{"drawMode":0,"name":"Shaded","section":"Shading Mode"},"sceneLighting":false,"audioPlay":false,"sceneViewState":{"showFog":true,"showMaterialUpdate":false,"showSkybox":false,"showFlares":true,"showImageEffects":true,"showParticleSystems":true},"in2DMode":false,"pivot":{"x":1.0,"y":0.15000006556510926,"z":-7.748603820800781e-7},"rotation":{"x":0.25430917739868166,"y":0.6233726143836975,"z":-0.2250795066356659,"w":0.7043267488479614},"size":1.4150978326797486,"orthographic":false}