{"cameraMode":{"drawMode":0,"name":"Shaded","section":"Shading Mode"},"sceneLighting":false,"audioPlay":false,"sceneViewState":{"showFog":true,"showMaterialUpdate":false,"showSkybox":false,"showFlares":true,"showImageEffects":true,"showParticleSystems":true},"in2DMode":false,"pivot":{"x":7.482761859893799,"y":-0.742699146270752,"z":-7.634559154510498},"rotation":{"x":0.04386528581380844,"y":0.9539992213249207,"z":-0.17448492348194123,"w":0.2398352473974228},"size":9.353815078735352,"orthographic":false}