{"cameraMode":{"drawMode":0,"name":"Shaded","section":"Shading Mode"},"sceneLighting":false,"audioPlay":false,"sceneViewState":{"showFog":true,"showMaterialUpdate":false,"showSkybox":false,"showFlares":true,"showImageEffects":true,"showParticleSystems":true},"in2DMode":false,"pivot":{"x":5.030956268310547,"y":16.011411666870118,"z":-1.610212802886963},"rotation":{"x":0.10039053857326508,"y":0.6972677111625671,"z":-0.09961095452308655,"w":0.7027244567871094},"size":19.315444946289064,"orthographic":false}