{"cameraMode":{"drawMode":0,"name":"Shaded","section":"Shading Mode"},"sceneLighting":false,"audioPlay":false,"sceneViewState":{"showFog":true,"showMaterialUpdate":false,"showSkybox":false,"showFlares":true,"showImageEffects":true,"showParticleSystems":true},"in2DMode":false,"pivot":{"x":-0.3570222854614258,"y":4.867941379547119,"z":-0.07288193702697754},"rotation":{"x":0.10039053857326508,"y":0.6972677111625671,"z":-0.09961095452308655,"w":0.7027244567871094},"size":6.910683631896973,"orthographic":false}