{"cameraMode":{"drawMode":0,"name":"Shaded","section":"Shading Mode"},"sceneLighting":false,"audioPlay":false,"sceneViewState":{"showFog":true,"showMaterialUpdate":false,"showSkybox":false,"showFlares":true,"showImageEffects":true,"showParticleSystems":true},"in2DMode":false,"pivot":{"x":0.0,"y":0.20000000298023225,"z":-1.1920928955078126e-7},"rotation":{"x":-0.23198524117469788,"y":0.6723634004592896,"z":-0.2354968935251236,"w":-0.6623406410217285},"size":1.4142142534255982,"orthographic":false}