{"cameraMode":{"drawMode":0,"name":"Shaded","section":"Shading Mode"},"sceneLighting":false,"audioPlay":false,"sceneViewState":{"showFog":true,"showMaterialUpdate":false,"showSkybox":false,"showFlares":true,"showImageEffects":true,"showParticleSystems":true},"in2DMode":false,"pivot":{"x":0.0,"y":0.3595629632472992,"z":-4.470348358154297e-8},"rotation":{"x":0.400849848985672,"y":0.060396794229745868,"z":-0.026494227349758149,"w":0.9137693643569946},"size":1.0861434936523438,"orthographic":false}