{"cameraMode":{"drawMode":0,"name":"Shaded","section":"Shading Mode"},"sceneLighting":false,"audioPlay":false,"sceneViewState":{"showFog":true,"showMaterialUpdate":false,"showSkybox":false,"showFlares":true,"showImageEffects":true,"showParticleSystems":true},"in2DMode":false,"pivot":{"x":-16.84986686706543,"y":10.099063873291016,"z":-29.42559051513672},"rotation":{"x":0.11978033930063248,"y":0.11588205397129059,"z":-0.014078551903367043,"w":0.9859163165092468},"size":0.5532726049423218,"orthographic":false}