{"cameraMode":{"drawMode":0,"name":"Shaded","section":"Shading Mode"},"sceneLighting":false,"audioPlay":false,"sceneViewState":{"showFog":true,"showMaterialUpdate":false,"showSkybox":false,"showFlares":true,"showImageEffects":true,"showParticleSystems":true},"in2DMode":false,"pivot":{"x":0.5348215103149414,"y":0.4891774654388428,"z":0.6689600944519043},"rotation":{"x":0.2672974765300751,"y":-0.5765422582626343,"z":0.20719340443611146,"w":0.7437896728515625},"size":0.680848240852356,"orthographic":false}