{"cameraMode":{"drawMode":0,"name":"Shaded","section":"Shading Mode"},"sceneLighting":false,"audioPlay":false,"sceneViewState":{"showFog":true,"showMaterialUpdate":false,"showSkybox":false,"showFlares":true,"showImageEffects":true,"showParticleSystems":true},"in2DMode":false,"pivot":{"x":0.3768581748008728,"y":0.11530601978302002,"z":-0.3383333683013916},"rotation":{"x":0.2535969018936157,"y":0.1786663830280304,"z":-0.04772172495722771,"w":0.9494713544845581},"size":1.7142138481140137,"orthographic":false}