{"cameraMode":{"drawMode":0,"name":"Shaded","section":"Shading Mode"},"sceneLighting":false,"audioPlay":false,"sceneViewState":{"showFog":true,"showMaterialUpdate":false,"showSkybox":false,"showFlares":true,"showImageEffects":true,"showParticleSystems":true},"in2DMode":false,"pivot":{"x":-0.0073326826095581059,"y":0.4999997913837433,"z":-0.004533857107162476},"rotation":{"x":0.2680027484893799,"y":-0.3898014724254608,"z":0.11968288570642472,"w":0.8728740811347961},"size":0.7074645757675171,"orthographic":false}