{"cameraMode":{"drawMode":0,"name":"Shaded","section":"Shading Mode"},"sceneLighting":false,"audioPlay":false,"sceneViewState":{"showFog":true,"showMaterialUpdate":false,"showSkybox":false,"showFlares":true,"showImageEffects":true,"showParticleSystems":true},"in2DMode":false,"pivot":{"x":3.9443655014038088,"y":5.960450649261475,"z":-2.3654632568359377},"rotation":{"x":0.04386528581380844,"y":0.9539992213249207,"z":-0.17448492348194123,"w":0.2398352473974228},"size":9.772242546081543,"orthographic":false}